{
  "generator": {
    "type": "minecraft:noise",
    "seed": -1464245863,
    "biome_source": {
      "type": "minecraft:multi_noise",
      "seed": -1464245863,
	  "temperature_noise": {
        "firstOctave": -4,
        "amplitudes": [
          1.0,
          1.0
        ]
      },
	  "humidity_noise": {
        "firstOctave": -5,
        "amplitudes": [
          1.0,
          1.0
        ]
      },
      "altitude_noise": {
        "firstOctave": -5,
        "amplitudes": [
          1.0,
          1.0
        ]
      },
      "weirdness_noise": {
        "firstOctave": -4,
        "amplitudes": [
          1.0,
          1.0
        ]
      },
      "biomes": [
	  	{
			"biome": "minecraft:badlands",
			"parameters": {
			"temperature": 0.75,
			"humidity": -0.75,
			"altitude": 0.5,
			"weirdness": 0,
			"offset": 0
			}
		},
		{
			"biome": "minecraft:badlands_plateau",
			"parameters": {
			"temperature": 0.75,
			"humidity": -0.75,
			"altitude": 0.75,
			"weirdness": 0,
			"offset": 0
			}
		},
		{
			"biome": "minecraft:eroded_badlands",
			"parameters": {
			"temperature": 0.75,
			"humidity": -0.75,
			"altitude": 0.5,
			"weirdness": 0,
			"offset": 0
			}
		},
		{
			"biome": "minecraft:bamboo_jungle",
			"parameters": {
			"temperature": 0.25,
			"humidity": 0.5,
			"altitude": 0.25,
			"weirdness": 0,
			"offset": 0
			}
		},
		{
			"biome": "minecraft:bamboo_jungle_hills",
			"parameters": {
			"temperature": 0.25,
			"humidity": 0.5,
			"altitude": 0.25,
			"weirdness": 0,
			"offset": 0
			}
		},
		{
			"biome": "minecraft:beach",
			"parameters": {
			"temperature": 0.15,
			"humidity": 0.5,
			"altitude": 0,
			"weirdness": 0,
			"offset": 0
			}
		},
		{
			"biome": "minecraft:birch_forest",
			"parameters": {
			"temperature": 0,
			"humidity": 0.25,
			"altitude": 0,
			"weirdness": 0,
			"offset": 0
			}
		},
		{
			"biome": "minecraft:birch_forest_hills",
			"parameters": {
			"temperature": 0,
			"humidity": 0.25,
			"altitude": 0.25,
			"weirdness": 0,
			"offset": 0
			}
		},
		{
			"biome": "minecraft:cold_ocean",
			"parameters": {
			"temperature": -0.5,
			"humidity": 0.5,
			"altitude": -0.25,
			"weirdness": 0,
			"offset": 0
			}
		},
		{
			"biome": "minecraft:dark_forest",
			"parameters": {
			"temperature": -0.5,
			"humidity": 0.25,
			"altitude": 0,
			"weirdness": 0,
			"offset": 0
			}
		},
		{
			"biome": "minecraft:dark_forest_hills",
			"parameters": {
			"temperature": -0.5,
			"humidity": 0.25,
			"altitude": 0.25,
			"weirdness": 0,
			"offset": 0
			}
		},
		{
			"biome": "minecraft:deep_cold_ocean",
			"parameters": {
			"temperature": -0.5,
			"humidity": 0.5,
			"altitude": -0.25,
			"weirdness": 0.5,
			"offset": 0
			}
		},
		{
			"biome": "minecraft:deep_frozen_ocean",
			"parameters": {
			"temperature": -0.5,
			"humidity": 0.5,
			"altitude": -0.25,
			"weirdness": 0.5,
			"offset": 0
			}
		},
		{
			"biome": "minecraft:deep_lukewarm_ocean",
			"parameters": {
			"temperature": -0.5,
			"humidity": 0.5,
			"altitude": -0.25,
			"weirdness": 0.5,
			"offset": 0
			}
		},
		{
			"biome": "minecraft:deep_ocean",
			"parameters": {
			"temperature": -0.5,
			"humidity": 0.5,
			"altitude": -0.25,
			"weirdness": 0.5,
			"offset": 0
			}
		},
		{
			"biome": "minecraft:deep_warm_ocean",
			"parameters": {
			"temperature": -0.5,
			"humidity": 0.5,
			"altitude": -0.25,
			"weirdness": 0.5,
			"offset": 0
			}
		},
		{
			"biome": "minecraft:desert",
			"parameters": {
			"temperature": 0.5,
			"humidity": -0.5,
			"altitude": 0,
			"weirdness": 0,
			"offset": 0.15
			}
		},
		{
			"biome": "minecraft:desert_hills",
			"parameters": {
			"temperature": 0.5,
			"humidity": -0.5,
			"altitude": 0.25,
			"weirdness": 0,
			"offset": 0.15
			}
		},
		{
			"biome": "minecraft:desert_lakes",
			"parameters": {
			"temperature": 0.5,
			"humidity": -0.25,
			"altitude": -0.25,
			"weirdness": 0,
			"offset": 0.15
			}
		},
		{
			"biome": "minecraft:flower_forest",
			"parameters": {
			"temperature": 0,
			"humidity": 0.25,
			"altitude": 0,
			"weirdness": 0.25,
			"offset": 0
			}
		},
		{
			"biome": "minecraft:forest",
			"parameters": {
			"temperature": 0,
			"humidity": 0.25,
			"altitude": 0,
			"weirdness": 0,
			"offset": 0
			}
		},
		{
			"biome": "minecraft:frozen_ocean",
			"parameters": {
			"temperature": -0.75,
			"humidity": 0.5,
			"altitude": -0.25,
			"weirdness": 0,
			"offset": 0
			}
		},
		{
			"biome": "minecraft:frozen_river",
			"parameters": {
			"temperature": -0.75,
			"humidity": 0.75,
			"altitude": -0.25,
			"weirdness": 0,
			"offset": 0
			}
		},
		{
			"biome": "minecraft:giant_spruce_taiga",
			"parameters": {
			"temperature": -0.5,
			"humidity": 0.25,
			"altitude": 0.25,
			"weirdness": 0,
			"offset": 0
			}
		},
		{
			"biome": "minecraft:giant_spruce_taiga_hills",
			"parameters": {
			"temperature": -0.5,
			"humidity": 0.25,
			"altitude": 0.25,
			"weirdness": 0,
			"offset": 0
			}
		},
		{
			"biome": "minecraft:giant_tree_taiga",
			"parameters": {
			"temperature": -0.5,
			"humidity": 0.25,
			"altitude": 0.25,
			"weirdness": 0,
			"offset": 0
			}
		},
		{
			"biome": "minecraft:giant_tree_taiga_hills",
			"parameters": {
			"temperature": -0.5,
			"humidity": 0.25,
			"altitude": 0.25,
			"weirdness": 0,
			"offset": 0
			}
		},
		{
			"biome": "minecraft:gravelly_mountains",
			"parameters": {
			"temperature": -0.75,
			"humidity": -0.5,
			"altitude": 0.5,
			"weirdness": 0.5,
			"offset": 0
			}
		},
		{
			"biome": "minecraft:ice_spikes",
			"parameters": {
			"temperature": -0.75,
			"humidity": 0.25,
			"altitude": 0,
			"weirdness": 0,
			"offset": 0.2
			}
		},
		{
			"biome": "minecraft:jungle",
			"parameters": {
			"temperature": 0.25,
			"humidity": 0.5,
			"altitude": 0,
			"weirdness": 0,
			"offset": 0
			}
		},
		{
			"biome": "minecraft:jungle_edge",
			"parameters": {
			"temperature": 0.25,
			"humidity": 0.5,
			"altitude": 0,
			"weirdness": 0.5,
			"offset": 0
			}
		},
		{
			"biome": "minecraft:jungle_hills",
			"parameters": {
			"temperature": 0.25,
			"humidity": 0.5,
			"altitude": 0.25,
			"weirdness": 0,
			"offset": 0
			}
		},
		{
			"biome": "minecraft:lukewarm_ocean",
			"parameters": {
			"temperature": -0.5,
			"humidity": 0.5,
			"altitude": -0.25,
			"weirdness": 0,
			"offset": 0
			}
		},
		{
			"biome": "minecraft:modified_badlands_plateau",
			"parameters": {
			"temperature": 0.75,
			"humidity": -0.75,
			"altitude": 0.75,
			"weirdness": 0,
			"offset": 0
			}
		},
		{
			"biome": "minecraft:modified_gravelly_mountains",
			"parameters": {
			"temperature": -0.75,
			"humidity": 0,
			"altitude": 0.5,
			"weirdness": 0.5,
			"offset": 0
			}
		},
		{
			"biome": "minecraft:modified_jungle",
			"parameters": {
			"temperature": 0.25,
			"humidity": 0.5,
			"altitude": 0,
			"weirdness": 0,
			"offset": 0
			}
		},
		{
			"biome": "minecraft:modified_jungle_edge",
			"parameters": {
			"temperature": 0.25,
			"humidity": 0.5,
			"altitude": 0,
			"weirdness": 0,
			"offset": 0
			}
		},
		{
			"biome": "minecraft:modified_wooded_badlands_plateau",
			"parameters": {
			"temperature": 0.75,
			"humidity": -0.75,
			"altitude": 0.75,
			"weirdness": 0,
			"offset": 0
			}
		},
		{
			"biome": "minecraft:mountain_edge",
			"parameters": {
			"temperature": -0.75,
			"humidity": 0,
			"altitude": 0.5,
			"weirdness": 0,
			"offset": 0
			}
		},
		{
			"biome": "minecraft:mountains",
			"parameters": {
			"temperature": -0.75,
			"humidity": 0,
			"altitude": 0.5,
			"weirdness": 0,
			"offset": 0
			}
		},
		{
			"biome": "minecraft:mushroom_field_shore",
			"parameters": {
			"temperature": 0,
			"humidity": 0.5,
			"altitude": 0,
			"weirdness": 1,
			"offset": 0
			}
		},
		{
			"biome": "minecraft:mushroom_fields",
			"parameters": {
			"temperature": 0,
			"humidity": 0.5,
			"altitude": 0,
			"weirdness": 1,
			"offset": 0
			}
		},
		{
			"biome": "minecraft:ocean",
			"parameters": {
			"temperature": -0.5,
			"humidity": 0.5,
			"altitude": -0.25,
			"weirdness": 0,
			"offset": 0
			}
		},
		{
			"biome": "minecraft:plains",
			"parameters": {
			"temperature": 0,
			"humidity": 0,
			"altitude": 0,
			"weirdness": 0,
			"offset": 0.3
			}
		},
		{
			"biome": "minecraft:river",
			"parameters": {
			"temperature": -0.5,
			"humidity": 0.75,
			"altitude": -0.25,
			"weirdness": 0,
			"offset": 0
			}
		},
		{
			"biome": "minecraft:savanna",
			"parameters": {
			"temperature": 0.25,
			"humidity": -0.5,
			"altitude": 0,
			"weirdness": 0,
			"offset": 0.3
			}
		},
		{
			"biome": "minecraft:savanna_plateau",
			"parameters": {
			"temperature": 0.25,
			"humidity": -0.5,
			"altitude": 0.75,
			"weirdness": 0,
			"offset": 0.3
			}
		},
		{
			"biome": "minecraft:shattered_savanna",
			"parameters": {
			"temperature": 0.25,
			"humidity": -0.5,
			"altitude": 0,
			"weirdness": 0,
			"offset": 0.3
			}
		},
		{
			"biome": "minecraft:shattered_savanna_plateau",
			"parameters": {
			"temperature": 0.25,
			"humidity": -0.5,
			"altitude": 0.75,
			"weirdness": 0,
			"offset": 0.3
			}
		},
		{
			"biome": "minecraft:snowy_beach",
			"parameters": {
			"temperature": -0.75,
			"humidity": 0.5,
			"altitude": 0,
			"weirdness": 0,
			"offset": 0
			}
		},
		{
			"biome": "minecraft:snowy_mountains",
			"parameters": {
			"temperature": -0.75,
			"humidity": 0,
			"altitude": 0.5,
			"weirdness": 0,
			"offset": 0
			}
		},
		{
			"biome": "minecraft:snowy_taiga",
			"parameters": {
			"temperature": -0.75,
			"humidity": 0.25,
			"altitude": 0,
			"weirdness": 0,
			"offset": 0
			}
		},
		{
			"biome": "minecraft:snowy_taiga_hills",
			"parameters": {
			"temperature": -0.75,
			"humidity": 0.25,
			"altitude": 0.25,
			"weirdness": 0,
			"offset": 0
			}
		},
		{
			"biome": "minecraft:snowy_taiga_mountains",
			"parameters": {
			"temperature": -0.75,
			"humidity": 0.25,
			"altitude": 0.5,
			"weirdness": 0,
			"offset": 0
			}
		},
		{
			"biome": "minecraft:snowy_tundra",
			"parameters": {
			"temperature": -0.75,
			"humidity": -0.5,
			"altitude": 0,
			"weirdness": 0,
			"offset": 0
			}
		},
		{
			"biome": "minecraft:stone_shore",
			"parameters": {
			"temperature": -0.75,
			"humidity": 0.25,
			"altitude": 0,
			"weirdness": 0,
			"offset": 0.5
			}
		},
		{
			"biome": "minecraft:sunflower_plains",
			"parameters": {
			"temperature": 0.75,
			"humidity": 0,
			"altitude": 0,
			"weirdness": 0,
			"offset": 0
			}
		},
		{
			"biome": "minecraft:swamp",
			"parameters": {
			"temperature": 0,
			"humidity": 0.5,
			"altitude": 0,
			"weirdness": 0,
			"offset": 0
			}
		},
		{
			"biome": "minecraft:swamp_hills",
			"parameters": {
			"temperature": 0,
			"humidity": 0.5,
			"altitude": 0.25,
			"weirdness": 0,
			"offset": 0
			}
		},
		{
			"biome": "minecraft:taiga",
			"parameters": {
			"temperature": -0.5,
			"humidity": 0.25,
			"altitude": 0,
			"weirdness": 0,
			"offset": 0
			}
		},
		{
			"biome": "minecraft:taiga_hills",
			"parameters": {
			"temperature": -0.5,
			"humidity": 0.25,
			"altitude": 0.25,
			"weirdness": 0,
			"offset": 0
			}
		},
		{
			"biome": "minecraft:taiga_mountains",
			"parameters": {
			"temperature": -0.75,
			"humidity": 0.25,
			"altitude": 0.5,
			"weirdness": 0,
			"offset": 0
			}
		},
		{
			"biome": "minecraft:tall_birch_forest",
			"parameters": {
			"temperature": 0,
			"humidity": 0.25,
			"altitude": 0,
			"weirdness": 0,
			"offset": 0
			}
		},
		{
			"biome": "minecraft:tall_birch_hills",
			"parameters": {
			"temperature": 0,
			"humidity": 0.25,
			"altitude": 0.25,
			"weirdness": 0,
			"offset": 0
			}
		},
		{
			"biome": "minecraft:warm_ocean",
			"parameters": {
			"temperature": -0.5,
			"humidity": 0.5,
			"altitude": -0.25,
			"weirdness": 0,
			"offset": 0
			}
		},
		{
			"biome": "minecraft:wooded_badlands_plateau",
			"parameters": {
			"temperature": 0.75,
			"humidity": -0.75,
			"altitude": 0.75,
			"weirdness": 0,
			"offset": 0
			}
		},
		{
			"biome": "minecraft:wooded_hills",
			"parameters": {
			"temperature": 0,
			"humidity": 0,
			"altitude": 0.25,
			"weirdness": 0,
			"offset": 0
			}
		},
		{
			"biome": "minecraft:wooded_mountains",
			"parameters": {
			"temperature": -0.75,
			"humidity": 0.25,
			"altitude": 0.5,
			"weirdness": 0,
			"offset": 0
			}
		}
      ]
    },
    "settings": "minecraft:overworld"
  },
  "type": "minecraft:overworld"
}
