{
  "aquifers_enabled": false,
  "noise_caves_enabled": false,
  "deepslate_enabled": false,
  "bedrock_floor_position": -2147483648,
  "sea_level": 0,
  "disable_mob_generation": true,
  "default_block": {
    "Name": "minecraft:end_stone"
  },
  "default_fluid": {
    "Name": "minecraft:air"
  },
  "bedrock_roof_position": -2147483648,
  "structures": {
	"structures": {
      "minecraft:buried_treasure": {
        "spacing": 1,
        "separation": 0,
        "salt": 0
      },
      "minecraft:desert_pyramid": {
        "spacing": 6,
        "separation": 0,
        "salt": 14357617
      },
      "minecraft:mansion": {
        "spacing": 20,
        "separation": 5,
        "salt": 10387319
      },
      "minecraft:shipwreck": {
        "spacing": 8,
        "separation": 2,
        "salt": 165745295
      },
      "minecraft:igloo": {
        "spacing": 32,
        "separation": 8,
        "salt": 14357618
      },
      "minecraft:pillager_outpost": {
        "spacing": 32,
        "separation": 8,
        "salt": 165745296
      },
      "minecraft:ruined_portal": {
        "spacing": 10,
        "separation": 5,
        "salt": 34222645
      },
      "minecraft:bastion_remnant": {
        "spacing": 10,
        "separation": 1,
        "salt": 30084232
      },
      "minecraft:stronghold": {
        "spacing": 1,
        "separation": 0,
        "salt": 0
      },
      "minecraft:fortress": {
        "spacing": 16,
        "separation": 4,
        "salt": 30084232
      },
      "minecraft:jungle_pyramid": {
        "spacing": 8,
        "separation": 1,
        "salt": 14357619
      },
      "minecraft:ocean_ruin": {
        "spacing": 20,
        "separation": 8,
        "salt": 14357621
      },
      "minecraft:mineshaft": {
        "spacing": 1,
        "separation": 0,
        "salt": 0
      },
      "minecraft:nether_fossil": {
        "spacing": 2,
        "separation": 1,
        "salt": 14357921
      },
      "minecraft:village": {
        "spacing": 12,
        "separation": 8,
        "salt": 10387312
      },
      "minecraft:swamp_hut": {
        "spacing": 32,
        "separation": 8,
        "salt": 14357620
      },
      "minecraft:monument": {
        "spacing": 32,
        "separation": 5,
        "salt": 10387313
      },
      "minecraft:endcity": {
        "spacing": 4,
        "separation": 2,
        "salt": 10387313
      }
    }
  },
  "noise": {
    "simplex_surface_noise": true,
    "island_noise_override": true,
    "size_vertical": 1,
    "density_factor": 0.0,
    "density_offset": 0.0,
    "top_slide": {
      "target": -3000,
      "size": 64,
      "offset": -46
    },
    "bottom_slide": {
      "target": -30,
      "size": 7,
      "offset": 1
    },
    "size_horizontal": 2,
    "min_y": 0,
    "height": 128,
    "sampling": {
      "xz_scale": 2.0,
      "y_scale": 1.0,
      "xz_factor": 80.0,
      "y_factor": 160.0
    }
  }
}